{
    "loss": 53.490882873535156,
    "accuracy": 0.991525411605835
}